Sector,Category,SubCategory,Action_ID,Action_Name,Action_Category,Priority,Description,Target_Date,Status,Estimated_Savings_Pct
Construction & Real Estate,Building Materials,Cement,A001,Negotiate volume discounts,Cost Optimization,MEDIUM,Leverage spend volume for 5-10% cost reduction,2026-04-03,Pending,10.7
Construction & Real Estate,Building Materials,Cement,A002,Conduct supplier audit,Risk Mitigation,MEDIUM,Annual quality and compliance audit,2026-07-02,Pending,3.3
Construction & Real Estate,Building Materials,Concrete,A001,Negotiate volume discounts,Cost Optimization,MEDIUM,Leverage spend volume for 5-10% cost reduction,2026-04-03,Pending,6.3
Construction & Real Estate,Building Materials,Concrete,A002,Conduct supplier audit,Risk Mitigation,MEDIUM,Annual quality and compliance audit,2026-07-02,Pending,5.7
Construction & Real Estate,Building Materials,Glass,A001,Negotiate volume discounts,Cost Optimization,MEDIUM,Leverage spend volume for 5-10% cost reduction,2026-04-03,Pending,11.8
Construction & Real Estate,Building Materials,Glass,A002,Conduct supplier audit,Risk Mitigation,MEDIUM,Annual quality and compliance audit,2026-07-02,Pending,11.1
Construction & Real Estate,Building Materials,Lumber,A001,Expand regional sourcing,Regional Concentration,CRITICAL,Identify suppliers in Africa to reduce geographic risk,2026-04-03,Pending,13.7
Construction & Real Estate,Building Materials,Lumber,A002,Negotiate volume discounts,Cost Optimization,MEDIUM,Leverage spend volume for 5-10% cost reduction,2026-07-02,Pending,4.0
Construction & Real Estate,Building Materials,Lumber,A003,Conduct supplier audit,Risk Mitigation,MEDIUM,Annual quality and compliance audit,2026-09-30,Pending,8.1
Construction & Real Estate,Building Materials,Structural Steel,A001,Negotiate volume discounts,Cost Optimization,MEDIUM,Leverage spend volume for 5-10% cost reduction,2026-04-03,Pending,3.4
Construction & Real Estate,Building Materials,Structural Steel,A002,Conduct supplier audit,Risk Mitigation,MEDIUM,Annual quality and compliance audit,2026-07-02,Pending,5.6
Construction & Real Estate,Construction Equipment,Heavy Equipment,A001,Negotiate volume discounts,Cost Optimization,MEDIUM,Leverage spend volume for 5-10% cost reduction,2026-04-03,Pending,9.1
Construction & Real Estate,Construction Equipment,Heavy Equipment,A002,Conduct supplier audit,Risk Mitigation,MEDIUM,Annual quality and compliance audit,2026-07-02,Pending,3.3
Construction & Real Estate,Construction Equipment,Power Tools,A001,Negotiate volume discounts,Cost Optimization,MEDIUM,Leverage spend volume for 5-10% cost reduction,2026-04-03,Pending,5.4
Construction & Real Estate,Construction Equipment,Power Tools,A002,Conduct supplier audit,Risk Mitigation,MEDIUM,Annual quality and compliance audit,2026-07-02,Pending,10.8
Construction & Real Estate,Construction Equipment,Scaffolding,A001,Negotiate volume discounts,Cost Optimization,MEDIUM,Leverage spend volume for 5-10% cost reduction,2026-04-03,Pending,9.5
Construction & Real Estate,Construction Equipment,Scaffolding,A002,Conduct supplier audit,Risk Mitigation,MEDIUM,Annual quality and compliance audit,2026-07-02,Pending,5.6
Construction & Real Estate,MEP Systems,Electrical Systems,A001,Negotiate volume discounts,Cost Optimization,MEDIUM,Leverage spend volume for 5-10% cost reduction,2026-04-03,Pending,10.1
Construction & Real Estate,MEP Systems,Electrical Systems,A002,Conduct supplier audit,Risk Mitigation,MEDIUM,Annual quality and compliance audit,2026-07-02,Pending,12.7
Construction & Real Estate,MEP Systems,HVAC Equipment,A001,Negotiate volume discounts,Cost Optimization,MEDIUM,Leverage spend volume for 5-10% cost reduction,2026-04-03,Pending,3.1
Construction & Real Estate,MEP Systems,HVAC Equipment,A002,Conduct supplier audit,Risk Mitigation,MEDIUM,Annual quality and compliance audit,2026-07-02,Pending,12.7
Construction & Real Estate,MEP Systems,Plumbing Systems,A001,Expand regional sourcing,Regional Concentration,CRITICAL,Identify suppliers in Europe to reduce geographic risk,2026-04-03,Pending,11.4
Construction & Real Estate,MEP Systems,Plumbing Systems,A002,Negotiate volume discounts,Cost Optimization,MEDIUM,Leverage spend volume for 5-10% cost reduction,2026-07-02,Pending,7.1
Construction & Real Estate,MEP Systems,Plumbing Systems,A003,Conduct supplier audit,Risk Mitigation,MEDIUM,Annual quality and compliance audit,2026-09-30,Pending,4.9
Energy & Utilities,Electricity,Backup Power,A001,Negotiate volume discounts,Cost Optimization,MEDIUM,Leverage spend volume for 5-10% cost reduction,2026-04-03,Pending,14.5
Energy & Utilities,Electricity,Backup Power,A002,Conduct supplier audit,Risk Mitigation,MEDIUM,Annual quality and compliance audit,2026-07-02,Pending,7.0
Energy & Utilities,Electricity,Grid Electricity,A001,Expand regional sourcing,Regional Concentration,CRITICAL,Identify suppliers in Middle East to reduce geographic risk,2026-04-03,Pending,4.1
Energy & Utilities,Electricity,Grid Electricity,A002,Negotiate volume discounts,Cost Optimization,MEDIUM,Leverage spend volume for 5-10% cost reduction,2026-07-02,Pending,4.2
Energy & Utilities,Electricity,Grid Electricity,A003,Conduct supplier audit,Risk Mitigation,MEDIUM,Annual quality and compliance audit,2026-09-30,Pending,13.2
Energy & Utilities,Electricity,Renewable Electricity,A001,Negotiate volume discounts,Cost Optimization,MEDIUM,Leverage spend volume for 5-10% cost reduction,2026-04-03,Pending,10.2
Energy & Utilities,Electricity,Renewable Electricity,A002,Conduct supplier audit,Risk Mitigation,MEDIUM,Annual quality and compliance audit,2026-07-02,Pending,12.7
Energy & Utilities,Fuels,Aviation Fuel,A001,Negotiate volume discounts,Cost Optimization,MEDIUM,Leverage spend volume for 5-10% cost reduction,2026-04-03,Pending,11.8
Energy & Utilities,Fuels,Aviation Fuel,A002,Conduct supplier audit,Risk Mitigation,MEDIUM,Annual quality and compliance audit,2026-07-02,Pending,9.4
Energy & Utilities,Fuels,Biofuels,A001,Negotiate volume discounts,Cost Optimization,MEDIUM,Leverage spend volume for 5-10% cost reduction,2026-04-03,Pending,14.7
Energy & Utilities,Fuels,Biofuels,A002,Conduct supplier audit,Risk Mitigation,MEDIUM,Annual quality and compliance audit,2026-07-02,Pending,7.5
Energy & Utilities,Fuels,Diesel,A001,Negotiate volume discounts,Cost Optimization,MEDIUM,Leverage spend volume for 5-10% cost reduction,2026-04-03,Pending,9.6
Energy & Utilities,Fuels,Diesel,A002,Conduct supplier audit,Risk Mitigation,MEDIUM,Annual quality and compliance audit,2026-07-02,Pending,13.0
Energy & Utilities,Fuels,Natural Gas,A001,Expand regional sourcing,Regional Concentration,CRITICAL,Identify suppliers in APAC to reduce geographic risk,2026-04-03,Pending,10.4
Energy & Utilities,Fuels,Natural Gas,A002,Negotiate volume discounts,Cost Optimization,MEDIUM,Leverage spend volume for 5-10% cost reduction,2026-07-02,Pending,13.3
Energy & Utilities,Fuels,Natural Gas,A003,Conduct supplier audit,Risk Mitigation,MEDIUM,Annual quality and compliance audit,2026-09-30,Pending,9.9
Energy & Utilities,Renewable Equipment,Battery Storage,A001,Expand regional sourcing,Regional Concentration,CRITICAL,Identify suppliers in Middle East to reduce geographic risk,2026-04-03,Pending,11.5
Energy & Utilities,Renewable Equipment,Battery Storage,A002,Negotiate volume discounts,Cost Optimization,MEDIUM,Leverage spend volume for 5-10% cost reduction,2026-07-02,Pending,3.5
Energy & Utilities,Renewable Equipment,Battery Storage,A003,Conduct supplier audit,Risk Mitigation,MEDIUM,Annual quality and compliance audit,2026-09-30,Pending,5.7
Energy & Utilities,Renewable Equipment,Solar Panels,A001,Expand regional sourcing,Regional Concentration,CRITICAL,Identify suppliers in Europe to reduce geographic risk,2026-04-03,Pending,6.5
Energy & Utilities,Renewable Equipment,Solar Panels,A002,Negotiate volume discounts,Cost Optimization,MEDIUM,Leverage spend volume for 5-10% cost reduction,2026-07-02,Pending,4.0
Energy & Utilities,Renewable Equipment,Solar Panels,A003,Conduct supplier audit,Risk Mitigation,MEDIUM,Annual quality and compliance audit,2026-09-30,Pending,5.8
Energy & Utilities,Renewable Equipment,Wind Turbines,A001,Negotiate volume discounts,Cost Optimization,MEDIUM,Leverage spend volume for 5-10% cost reduction,2026-04-03,Pending,4.2
Energy & Utilities,Renewable Equipment,Wind Turbines,A002,Conduct supplier audit,Risk Mitigation,MEDIUM,Annual quality and compliance audit,2026-07-02,Pending,6.3
Facilities & Corporate Services,Facilities Management,Building Maintenance,A001,Negotiate volume discounts,Cost Optimization,MEDIUM,Leverage spend volume for 5-10% cost reduction,2026-04-03,Pending,10.6
Facilities & Corporate Services,Facilities Management,Building Maintenance,A002,Conduct supplier audit,Risk Mitigation,MEDIUM,Annual quality and compliance audit,2026-07-02,Pending,7.4
Facilities & Corporate Services,Facilities Management,Cleaning Services,A001,Negotiate volume discounts,Cost Optimization,MEDIUM,Leverage spend volume for 5-10% cost reduction,2026-04-03,Pending,7.4
Facilities & Corporate Services,Facilities Management,Cleaning Services,A002,Conduct supplier audit,Risk Mitigation,MEDIUM,Annual quality and compliance audit,2026-07-02,Pending,5.5
Facilities & Corporate Services,Facilities Management,Security Services,A001,Diversify supplier base,Supplier Concentration,HIGH,Add 2-3 alternative suppliers to reduce dependency,2026-04-03,Pending,6.2
Facilities & Corporate Services,Facilities Management,Security Services,A002,Develop backup suppliers,Business Continuity,HIGH,Qualify backup suppliers in alternative regions,2026-07-02,Pending,14.2
Facilities & Corporate Services,Facilities Management,Security Services,A003,Expand regional sourcing,Regional Concentration,CRITICAL,Identify suppliers in Middle East to reduce geographic risk,2026-09-30,Pending,10.8
Facilities & Corporate Services,Facilities Management,Security Services,A004,Negotiate volume discounts,Cost Optimization,MEDIUM,Leverage spend volume for 5-10% cost reduction,2026-12-29,Pending,10.3
Facilities & Corporate Services,Office Services,Office Furniture,A001,Expand regional sourcing,Regional Concentration,CRITICAL,Identify suppliers in Europe to reduce geographic risk,2026-04-03,Pending,5.1
Facilities & Corporate Services,Office Services,Office Furniture,A002,Negotiate volume discounts,Cost Optimization,MEDIUM,Leverage spend volume for 5-10% cost reduction,2026-07-02,Pending,11.7
Facilities & Corporate Services,Office Services,Office Furniture,A003,Conduct supplier audit,Risk Mitigation,MEDIUM,Annual quality and compliance audit,2026-09-30,Pending,5.0
Facilities & Corporate Services,Office Services,Office Supplies,A001,Negotiate volume discounts,Cost Optimization,MEDIUM,Leverage spend volume for 5-10% cost reduction,2026-04-03,Pending,7.6
Facilities & Corporate Services,Office Services,Office Supplies,A002,Conduct supplier audit,Risk Mitigation,MEDIUM,Annual quality and compliance audit,2026-07-02,Pending,14.9
Facilities & Corporate Services,Office Services,Printing Services,A001,Negotiate volume discounts,Cost Optimization,MEDIUM,Leverage spend volume for 5-10% cost reduction,2026-04-03,Pending,10.7
Facilities & Corporate Services,Office Services,Printing Services,A002,Conduct supplier audit,Risk Mitigation,MEDIUM,Annual quality and compliance audit,2026-07-02,Pending,9.7
Facilities & Corporate Services,Travel & Events,Business Travel,A001,Negotiate volume discounts,Cost Optimization,MEDIUM,Leverage spend volume for 5-10% cost reduction,2026-04-03,Pending,11.2
Facilities & Corporate Services,Travel & Events,Business Travel,A002,Conduct supplier audit,Risk Mitigation,MEDIUM,Annual quality and compliance audit,2026-07-02,Pending,13.1
Facilities & Corporate Services,Travel & Events,Event Management,A001,Negotiate volume discounts,Cost Optimization,MEDIUM,Leverage spend volume for 5-10% cost reduction,2026-04-03,Pending,12.3
Facilities & Corporate Services,Travel & Events,Event Management,A002,Conduct supplier audit,Risk Mitigation,MEDIUM,Annual quality and compliance audit,2026-07-02,Pending,5.7
Food & Beverages,Beverages,Coffee,A001,Expand regional sourcing,Regional Concentration,CRITICAL,Identify suppliers in APAC to reduce geographic risk,2026-04-03,Pending,3.4
Food & Beverages,Beverages,Coffee,A002,Negotiate volume discounts,Cost Optimization,MEDIUM,Leverage spend volume for 5-10% cost reduction,2026-07-02,Pending,6.8
Food & Beverages,Beverages,Coffee,A003,Conduct supplier audit,Risk Mitigation,MEDIUM,Annual quality and compliance audit,2026-09-30,Pending,6.2
Food & Beverages,Beverages,Tea,A001,Negotiate volume discounts,Cost Optimization,MEDIUM,Leverage spend volume for 5-10% cost reduction,2026-04-03,Pending,5.5
Food & Beverages,Beverages,Tea,A002,Conduct supplier audit,Risk Mitigation,MEDIUM,Annual quality and compliance audit,2026-07-02,Pending,14.3
Food & Beverages,Dairy Products,Cheese,A001,Negotiate volume discounts,Cost Optimization,MEDIUM,Leverage spend volume for 5-10% cost reduction,2026-04-03,Pending,13.5
Food & Beverages,Dairy Products,Cheese,A002,Conduct supplier audit,Risk Mitigation,MEDIUM,Annual quality and compliance audit,2026-07-02,Pending,6.8
Food & Beverages,Dairy Products,Milk & Cream,A001,Negotiate volume discounts,Cost Optimization,MEDIUM,Leverage spend volume for 5-10% cost reduction,2026-04-03,Pending,10.9
Food & Beverages,Dairy Products,Milk & Cream,A002,Conduct supplier audit,Risk Mitigation,MEDIUM,Annual quality and compliance audit,2026-07-02,Pending,7.7
Food & Beverages,Edible Oils,Canola Oil,A001,Negotiate volume discounts,Cost Optimization,MEDIUM,Leverage spend volume for 5-10% cost reduction,2026-04-03,Pending,14.0
Food & Beverages,Edible Oils,Canola Oil,A002,Conduct supplier audit,Risk Mitigation,MEDIUM,Annual quality and compliance audit,2026-07-02,Pending,8.5
Food & Beverages,Edible Oils,Coconut Oil,A001,Expand regional sourcing,Regional Concentration,CRITICAL,Identify suppliers in Africa to reduce geographic risk,2026-04-03,Pending,6.2
Food & Beverages,Edible Oils,Coconut Oil,A002,Negotiate volume discounts,Cost Optimization,MEDIUM,Leverage spend volume for 5-10% cost reduction,2026-07-02,Pending,6.0
Food & Beverages,Edible Oils,Coconut Oil,A003,Conduct supplier audit,Risk Mitigation,MEDIUM,Annual quality and compliance audit,2026-09-30,Pending,9.7
Food & Beverages,Edible Oils,Olive Oil,A001,Negotiate volume discounts,Cost Optimization,MEDIUM,Leverage spend volume for 5-10% cost reduction,2026-04-03,Pending,6.2
Food & Beverages,Edible Oils,Olive Oil,A002,Conduct supplier audit,Risk Mitigation,MEDIUM,Annual quality and compliance audit,2026-07-02,Pending,10.0
Food & Beverages,Edible Oils,Palm Oil,A001,Negotiate volume discounts,Cost Optimization,MEDIUM,Leverage spend volume for 5-10% cost reduction,2026-04-03,Pending,13.8
Food & Beverages,Edible Oils,Palm Oil,A002,Conduct supplier audit,Risk Mitigation,MEDIUM,Annual quality and compliance audit,2026-07-02,Pending,7.8
Food & Beverages,Edible Oils,Peanut Oil,A001,Negotiate volume discounts,Cost Optimization,MEDIUM,Leverage spend volume for 5-10% cost reduction,2026-04-03,Pending,5.6
Food & Beverages,Edible Oils,Peanut Oil,A002,Conduct supplier audit,Risk Mitigation,MEDIUM,Annual quality and compliance audit,2026-07-02,Pending,15.0
Food & Beverages,Edible Oils,Rice Bran Oil,A001,Expand regional sourcing,Regional Concentration,CRITICAL,Identify suppliers in Americas to reduce geographic risk,2026-04-03,Pending,9.1
Food & Beverages,Edible Oils,Rice Bran Oil,A002,Negotiate volume discounts,Cost Optimization,MEDIUM,Leverage spend volume for 5-10% cost reduction,2026-07-02,Pending,4.1
Food & Beverages,Edible Oils,Rice Bran Oil,A003,Conduct supplier audit,Risk Mitigation,MEDIUM,Annual quality and compliance audit,2026-09-30,Pending,3.6
Food & Beverages,Edible Oils,Soybean Oil,A001,Expand regional sourcing,Regional Concentration,CRITICAL,Identify suppliers in Europe to reduce geographic risk,2026-04-03,Pending,4.3
Food & Beverages,Edible Oils,Soybean Oil,A002,Negotiate volume discounts,Cost Optimization,MEDIUM,Leverage spend volume for 5-10% cost reduction,2026-07-02,Pending,10.5
Food & Beverages,Edible Oils,Soybean Oil,A003,Conduct supplier audit,Risk Mitigation,MEDIUM,Annual quality and compliance audit,2026-09-30,Pending,12.5
Food & Beverages,Edible Oils,Sunflower Oil,A001,Negotiate volume discounts,Cost Optimization,MEDIUM,Leverage spend volume for 5-10% cost reduction,2026-04-03,Pending,8.1
Food & Beverages,Edible Oils,Sunflower Oil,A002,Conduct supplier audit,Risk Mitigation,MEDIUM,Annual quality and compliance audit,2026-07-02,Pending,3.8
Food & Beverages,Grains & Cereals,Corn/Maize,A001,Negotiate volume discounts,Cost Optimization,MEDIUM,Leverage spend volume for 5-10% cost reduction,2026-04-03,Pending,7.6
Food & Beverages,Grains & Cereals,Corn/Maize,A002,Conduct supplier audit,Risk Mitigation,MEDIUM,Annual quality and compliance audit,2026-07-02,Pending,15.0
Food & Beverages,Grains & Cereals,Rice,A001,Negotiate volume discounts,Cost Optimization,MEDIUM,Leverage spend volume for 5-10% cost reduction,2026-04-03,Pending,9.3
Food & Beverages,Grains & Cereals,Rice,A002,Conduct supplier audit,Risk Mitigation,MEDIUM,Annual quality and compliance audit,2026-07-02,Pending,14.7
Food & Beverages,Grains & Cereals,Wheat,A001,Negotiate volume discounts,Cost Optimization,MEDIUM,Leverage spend volume for 5-10% cost reduction,2026-04-03,Pending,13.3
Food & Beverages,Grains & Cereals,Wheat,A002,Conduct supplier audit,Risk Mitigation,MEDIUM,Annual quality and compliance audit,2026-07-02,Pending,3.1
Food & Beverages,Packaging Materials,Aluminum Cans,A001,Expand regional sourcing,Regional Concentration,CRITICAL,Identify suppliers in Middle East to reduce geographic risk,2026-04-03,Pending,11.6
Food & Beverages,Packaging Materials,Aluminum Cans,A002,Negotiate volume discounts,Cost Optimization,MEDIUM,Leverage spend volume for 5-10% cost reduction,2026-07-02,Pending,11.2
Food & Beverages,Packaging Materials,Aluminum Cans,A003,Conduct supplier audit,Risk Mitigation,MEDIUM,Annual quality and compliance audit,2026-09-30,Pending,9.4
Food & Beverages,Packaging Materials,Food-Grade Plastics,A001,Negotiate volume discounts,Cost Optimization,MEDIUM,Leverage spend volume for 5-10% cost reduction,2026-04-03,Pending,6.2
Food & Beverages,Packaging Materials,Food-Grade Plastics,A002,Conduct supplier audit,Risk Mitigation,MEDIUM,Annual quality and compliance audit,2026-07-02,Pending,10.7
Food & Beverages,Packaging Materials,Glass Containers,A001,Negotiate volume discounts,Cost Optimization,MEDIUM,Leverage spend volume for 5-10% cost reduction,2026-04-03,Pending,4.3
Food & Beverages,Packaging Materials,Glass Containers,A002,Conduct supplier audit,Risk Mitigation,MEDIUM,Annual quality and compliance audit,2026-07-02,Pending,8.2
Food & Beverages,Proteins,Beef,A001,Negotiate volume discounts,Cost Optimization,MEDIUM,Leverage spend volume for 5-10% cost reduction,2026-04-03,Pending,8.4
Food & Beverages,Proteins,Beef,A002,Conduct supplier audit,Risk Mitigation,MEDIUM,Annual quality and compliance audit,2026-07-02,Pending,14.4
Food & Beverages,Proteins,Poultry,A001,Negotiate volume discounts,Cost Optimization,MEDIUM,Leverage spend volume for 5-10% cost reduction,2026-04-03,Pending,13.5
Food & Beverages,Proteins,Poultry,A002,Conduct supplier audit,Risk Mitigation,MEDIUM,Annual quality and compliance audit,2026-07-02,Pending,6.2
Food & Beverages,Proteins,Seafood,A001,Negotiate volume discounts,Cost Optimization,MEDIUM,Leverage spend volume for 5-10% cost reduction,2026-04-03,Pending,9.0
Food & Beverages,Proteins,Seafood,A002,Conduct supplier audit,Risk Mitigation,MEDIUM,Annual quality and compliance audit,2026-07-02,Pending,5.1
Food & Beverages,Spices & Seasonings,Pepper,A001,Expand regional sourcing,Regional Concentration,CRITICAL,Identify suppliers in Europe to reduce geographic risk,2026-04-03,Pending,14.0
Food & Beverages,Spices & Seasonings,Pepper,A002,Negotiate volume discounts,Cost Optimization,MEDIUM,Leverage spend volume for 5-10% cost reduction,2026-07-02,Pending,13.4
Food & Beverages,Spices & Seasonings,Pepper,A003,Conduct supplier audit,Risk Mitigation,MEDIUM,Annual quality and compliance audit,2026-09-30,Pending,6.6
Food & Beverages,Spices & Seasonings,Vanilla,A001,Negotiate volume discounts,Cost Optimization,MEDIUM,Leverage spend volume for 5-10% cost reduction,2026-04-03,Pending,10.7
Food & Beverages,Spices & Seasonings,Vanilla,A002,Conduct supplier audit,Risk Mitigation,MEDIUM,Annual quality and compliance audit,2026-07-02,Pending,10.3
Food & Beverages,Sweeteners,Sugar,A001,Negotiate volume discounts,Cost Optimization,MEDIUM,Leverage spend volume for 5-10% cost reduction,2026-04-03,Pending,4.8
Food & Beverages,Sweeteners,Sugar,A002,Conduct supplier audit,Risk Mitigation,MEDIUM,Annual quality and compliance audit,2026-07-02,Pending,12.2
Healthcare & Life Sciences,Laboratory Equipment,Analytical Instruments,A001,Negotiate volume discounts,Cost Optimization,MEDIUM,Leverage spend volume for 5-10% cost reduction,2026-04-03,Pending,9.5
Healthcare & Life Sciences,Laboratory Equipment,Analytical Instruments,A002,Conduct supplier audit,Risk Mitigation,MEDIUM,Annual quality and compliance audit,2026-07-02,Pending,12.3
Healthcare & Life Sciences,Laboratory Equipment,Lab Automation,A001,Negotiate volume discounts,Cost Optimization,MEDIUM,Leverage spend volume for 5-10% cost reduction,2026-04-03,Pending,9.4
Healthcare & Life Sciences,Laboratory Equipment,Lab Automation,A002,Conduct supplier audit,Risk Mitigation,MEDIUM,Annual quality and compliance audit,2026-07-02,Pending,3.0
Healthcare & Life Sciences,Medical Devices,Diagnostic Equipment,A001,Negotiate volume discounts,Cost Optimization,MEDIUM,Leverage spend volume for 5-10% cost reduction,2026-04-03,Pending,6.9
Healthcare & Life Sciences,Medical Devices,Diagnostic Equipment,A002,Conduct supplier audit,Risk Mitigation,MEDIUM,Annual quality and compliance audit,2026-07-02,Pending,3.2
Healthcare & Life Sciences,Medical Devices,Implants,A001,Negotiate volume discounts,Cost Optimization,MEDIUM,Leverage spend volume for 5-10% cost reduction,2026-04-03,Pending,14.1
Healthcare & Life Sciences,Medical Devices,Implants,A002,Conduct supplier audit,Risk Mitigation,MEDIUM,Annual quality and compliance audit,2026-07-02,Pending,13.5
Healthcare & Life Sciences,Medical Devices,Patient Monitoring,A001,Expand regional sourcing,Regional Concentration,CRITICAL,Identify suppliers in Europe to reduce geographic risk,2026-04-03,Pending,13.0
Healthcare & Life Sciences,Medical Devices,Patient Monitoring,A002,Negotiate volume discounts,Cost Optimization,MEDIUM,Leverage spend volume for 5-10% cost reduction,2026-07-02,Pending,6.7
Healthcare & Life Sciences,Medical Devices,Patient Monitoring,A003,Conduct supplier audit,Risk Mitigation,MEDIUM,Annual quality and compliance audit,2026-09-30,Pending,3.7
Healthcare & Life Sciences,Medical Devices,Surgical Instruments,A001,Negotiate volume discounts,Cost Optimization,MEDIUM,Leverage spend volume for 5-10% cost reduction,2026-04-03,Pending,13.5
Healthcare & Life Sciences,Medical Devices,Surgical Instruments,A002,Conduct supplier audit,Risk Mitigation,MEDIUM,Annual quality and compliance audit,2026-07-02,Pending,14.4
Healthcare & Life Sciences,Medical Supplies,Disposable Supplies,A001,Negotiate volume discounts,Cost Optimization,MEDIUM,Leverage spend volume for 5-10% cost reduction,2026-04-03,Pending,4.0
Healthcare & Life Sciences,Medical Supplies,Disposable Supplies,A002,Conduct supplier audit,Risk Mitigation,MEDIUM,Annual quality and compliance audit,2026-07-02,Pending,8.8
Healthcare & Life Sciences,Medical Supplies,Lab Supplies,A001,Negotiate volume discounts,Cost Optimization,MEDIUM,Leverage spend volume for 5-10% cost reduction,2026-04-03,Pending,3.8
Healthcare & Life Sciences,Medical Supplies,Lab Supplies,A002,Conduct supplier audit,Risk Mitigation,MEDIUM,Annual quality and compliance audit,2026-07-02,Pending,12.1
Healthcare & Life Sciences,Medical Supplies,Wound Care,A001,Negotiate volume discounts,Cost Optimization,MEDIUM,Leverage spend volume for 5-10% cost reduction,2026-04-03,Pending,12.2
Healthcare & Life Sciences,Medical Supplies,Wound Care,A002,Conduct supplier audit,Risk Mitigation,MEDIUM,Annual quality and compliance audit,2026-07-02,Pending,4.5
Healthcare & Life Sciences,Pharmaceuticals,Biologics,A001,Expand regional sourcing,Regional Concentration,CRITICAL,Identify suppliers in Europe to reduce geographic risk,2026-04-03,Pending,8.7
Healthcare & Life Sciences,Pharmaceuticals,Biologics,A002,Negotiate volume discounts,Cost Optimization,MEDIUM,Leverage spend volume for 5-10% cost reduction,2026-07-02,Pending,9.6
Healthcare & Life Sciences,Pharmaceuticals,Biologics,A003,Conduct supplier audit,Risk Mitigation,MEDIUM,Annual quality and compliance audit,2026-09-30,Pending,6.2
Healthcare & Life Sciences,Pharmaceuticals,Branded Drugs,A001,Expand regional sourcing,Regional Concentration,CRITICAL,Identify suppliers in APAC to reduce geographic risk,2026-04-03,Pending,13.5
Healthcare & Life Sciences,Pharmaceuticals,Branded Drugs,A002,Negotiate volume discounts,Cost Optimization,MEDIUM,Leverage spend volume for 5-10% cost reduction,2026-07-02,Pending,8.1
Healthcare & Life Sciences,Pharmaceuticals,Branded Drugs,A003,Conduct supplier audit,Risk Mitigation,MEDIUM,Annual quality and compliance audit,2026-09-30,Pending,5.5
Healthcare & Life Sciences,Pharmaceuticals,Generic Drugs,A001,Negotiate volume discounts,Cost Optimization,MEDIUM,Leverage spend volume for 5-10% cost reduction,2026-04-03,Pending,9.5
Healthcare & Life Sciences,Pharmaceuticals,Generic Drugs,A002,Conduct supplier audit,Risk Mitigation,MEDIUM,Annual quality and compliance audit,2026-07-02,Pending,11.8
Healthcare & Life Sciences,Pharmaceuticals,OTC Medications,A001,Negotiate volume discounts,Cost Optimization,MEDIUM,Leverage spend volume for 5-10% cost reduction,2026-04-03,Pending,5.4
Healthcare & Life Sciences,Pharmaceuticals,OTC Medications,A002,Conduct supplier audit,Risk Mitigation,MEDIUM,Annual quality and compliance audit,2026-07-02,Pending,6.7
Healthcare & Life Sciences,Pharmaceuticals,Vaccines,A001,Negotiate volume discounts,Cost Optimization,MEDIUM,Leverage spend volume for 5-10% cost reduction,2026-04-03,Pending,14.9
Healthcare & Life Sciences,Pharmaceuticals,Vaccines,A002,Conduct supplier audit,Risk Mitigation,MEDIUM,Annual quality and compliance audit,2026-07-02,Pending,10.8
Human Resources,HR Technology,Benefits Administration,A001,Negotiate volume discounts,Cost Optimization,MEDIUM,Leverage spend volume for 5-10% cost reduction,2026-04-03,Pending,8.3
Human Resources,HR Technology,Benefits Administration,A002,Conduct supplier audit,Risk Mitigation,MEDIUM,Annual quality and compliance audit,2026-07-02,Pending,9.2
Human Resources,HR Technology,HRIS Systems,A001,Diversify supplier base,Supplier Concentration,HIGH,Add 2-3 alternative suppliers to reduce dependency,2026-04-03,Pending,4.5
Human Resources,HR Technology,HRIS Systems,A002,Develop backup suppliers,Business Continuity,HIGH,Qualify backup suppliers in alternative regions,2026-07-02,Pending,5.7
Human Resources,HR Technology,HRIS Systems,A003,Expand regional sourcing,Regional Concentration,CRITICAL,Identify suppliers in Africa to reduce geographic risk,2026-09-30,Pending,7.1
Human Resources,HR Technology,HRIS Systems,A004,Negotiate volume discounts,Cost Optimization,MEDIUM,Leverage spend volume for 5-10% cost reduction,2026-12-29,Pending,10.1
Human Resources,HR Technology,Payroll Services,A001,Negotiate volume discounts,Cost Optimization,MEDIUM,Leverage spend volume for 5-10% cost reduction,2026-04-03,Pending,5.8
Human Resources,HR Technology,Payroll Services,A002,Conduct supplier audit,Risk Mitigation,MEDIUM,Annual quality and compliance audit,2026-07-02,Pending,5.6
Human Resources,Learning & Development,E-Learning Platforms,A001,Negotiate volume discounts,Cost Optimization,MEDIUM,Leverage spend volume for 5-10% cost reduction,2026-04-03,Pending,3.9
Human Resources,Learning & Development,E-Learning Platforms,A002,Conduct supplier audit,Risk Mitigation,MEDIUM,Annual quality and compliance audit,2026-07-02,Pending,10.6
Human Resources,Learning & Development,Leadership Development,A001,Expand regional sourcing,Regional Concentration,CRITICAL,Identify suppliers in Middle East to reduce geographic risk,2026-04-03,Pending,5.7
Human Resources,Learning & Development,Leadership Development,A002,Negotiate volume discounts,Cost Optimization,MEDIUM,Leverage spend volume for 5-10% cost reduction,2026-07-02,Pending,13.9
Human Resources,Learning & Development,Leadership Development,A003,Conduct supplier audit,Risk Mitigation,MEDIUM,Annual quality and compliance audit,2026-09-30,Pending,13.3
Human Resources,Learning & Development,Training Programs,A001,Negotiate volume discounts,Cost Optimization,MEDIUM,Leverage spend volume for 5-10% cost reduction,2026-04-03,Pending,3.9
Human Resources,Learning & Development,Training Programs,A002,Conduct supplier audit,Risk Mitigation,MEDIUM,Annual quality and compliance audit,2026-07-02,Pending,5.9
Human Resources,Staffing Services,Executive Search,A001,Negotiate volume discounts,Cost Optimization,MEDIUM,Leverage spend volume for 5-10% cost reduction,2026-04-03,Pending,11.0
Human Resources,Staffing Services,Executive Search,A002,Conduct supplier audit,Risk Mitigation,MEDIUM,Annual quality and compliance audit,2026-07-02,Pending,5.6
Human Resources,Staffing Services,Permanent Recruitment,A001,Negotiate volume discounts,Cost Optimization,MEDIUM,Leverage spend volume for 5-10% cost reduction,2026-04-03,Pending,4.6
Human Resources,Staffing Services,Permanent Recruitment,A002,Conduct supplier audit,Risk Mitigation,MEDIUM,Annual quality and compliance audit,2026-07-02,Pending,14.2
Human Resources,Staffing Services,Temporary Staffing,A001,Negotiate volume discounts,Cost Optimization,MEDIUM,Leverage spend volume for 5-10% cost reduction,2026-04-03,Pending,9.9
Human Resources,Staffing Services,Temporary Staffing,A002,Conduct supplier audit,Risk Mitigation,MEDIUM,Annual quality and compliance audit,2026-07-02,Pending,8.7
Information Technology,Cloud Services,Cloud Storage,A001,Diversify supplier base,Supplier Concentration,HIGH,Add 2-3 alternative suppliers to reduce dependency,2026-04-03,Pending,12.4
Information Technology,Cloud Services,Cloud Storage,A002,Develop backup suppliers,Business Continuity,HIGH,Qualify backup suppliers in alternative regions,2026-07-02,Pending,12.7
Information Technology,Cloud Services,Cloud Storage,A003,Negotiate volume discounts,Cost Optimization,MEDIUM,Leverage spend volume for 5-10% cost reduction,2026-09-30,Pending,5.3
Information Technology,Cloud Services,Cloud Storage,A004,Conduct supplier audit,Risk Mitigation,MEDIUM,Annual quality and compliance audit,2026-12-29,Pending,4.2
Information Technology,Cloud Services,IaaS,A001,Negotiate volume discounts,Cost Optimization,MEDIUM,Leverage spend volume for 5-10% cost reduction,2026-04-03,Pending,8.2
Information Technology,Cloud Services,IaaS,A002,Conduct supplier audit,Risk Mitigation,MEDIUM,Annual quality and compliance audit,2026-07-02,Pending,8.1
Information Technology,Cloud Services,PaaS,A001,Negotiate volume discounts,Cost Optimization,MEDIUM,Leverage spend volume for 5-10% cost reduction,2026-04-03,Pending,8.6
Information Technology,Cloud Services,PaaS,A002,Conduct supplier audit,Risk Mitigation,MEDIUM,Annual quality and compliance audit,2026-07-02,Pending,11.7
Information Technology,Cloud Services,SaaS,A001,Expand regional sourcing,Regional Concentration,CRITICAL,Identify suppliers in Europe to reduce geographic risk,2026-04-03,Pending,11.1
Information Technology,Cloud Services,SaaS,A002,Negotiate volume discounts,Cost Optimization,MEDIUM,Leverage spend volume for 5-10% cost reduction,2026-07-02,Pending,14.8
Information Technology,Cloud Services,SaaS,A003,Conduct supplier audit,Risk Mitigation,MEDIUM,Annual quality and compliance audit,2026-09-30,Pending,4.2
Information Technology,Cybersecurity,Endpoint Security,A001,Expand regional sourcing,Regional Concentration,CRITICAL,Identify suppliers in APAC to reduce geographic risk,2026-04-03,Pending,7.8
Information Technology,Cybersecurity,Endpoint Security,A002,Negotiate volume discounts,Cost Optimization,MEDIUM,Leverage spend volume for 5-10% cost reduction,2026-07-02,Pending,7.1
Information Technology,Cybersecurity,Endpoint Security,A003,Conduct supplier audit,Risk Mitigation,MEDIUM,Annual quality and compliance audit,2026-09-30,Pending,13.3
Information Technology,Cybersecurity,Identity Management,A001,Expand regional sourcing,Regional Concentration,CRITICAL,Identify suppliers in Europe to reduce geographic risk,2026-04-03,Pending,6.0
Information Technology,Cybersecurity,Identity Management,A002,Negotiate volume discounts,Cost Optimization,MEDIUM,Leverage spend volume for 5-10% cost reduction,2026-07-02,Pending,5.3
Information Technology,Cybersecurity,Identity Management,A003,Conduct supplier audit,Risk Mitigation,MEDIUM,Annual quality and compliance audit,2026-09-30,Pending,8.4
Information Technology,Cybersecurity,Network Security,A001,Negotiate volume discounts,Cost Optimization,MEDIUM,Leverage spend volume for 5-10% cost reduction,2026-04-03,Pending,8.1
Information Technology,Cybersecurity,Network Security,A002,Conduct supplier audit,Risk Mitigation,MEDIUM,Annual quality and compliance audit,2026-07-02,Pending,6.3
Information Technology,Cybersecurity,Security Operations,A001,Negotiate volume discounts,Cost Optimization,MEDIUM,Leverage spend volume for 5-10% cost reduction,2026-04-03,Pending,6.0
Information Technology,Cybersecurity,Security Operations,A002,Conduct supplier audit,Risk Mitigation,MEDIUM,Annual quality and compliance audit,2026-07-02,Pending,14.1
Information Technology,Hardware,Desktops,A001,Negotiate volume discounts,Cost Optimization,MEDIUM,Leverage spend volume for 5-10% cost reduction,2026-04-03,Pending,8.3
Information Technology,Hardware,Desktops,A002,Conduct supplier audit,Risk Mitigation,MEDIUM,Annual quality and compliance audit,2026-07-02,Pending,13.3
Information Technology,Hardware,Laptops,A001,Expand regional sourcing,Regional Concentration,CRITICAL,Identify suppliers in Europe to reduce geographic risk,2026-04-03,Pending,9.6
Information Technology,Hardware,Laptops,A002,Negotiate volume discounts,Cost Optimization,MEDIUM,Leverage spend volume for 5-10% cost reduction,2026-07-02,Pending,3.6
Information Technology,Hardware,Laptops,A003,Conduct supplier audit,Risk Mitigation,MEDIUM,Annual quality and compliance audit,2026-09-30,Pending,15.0
Information Technology,Hardware,Network Equipment,A001,Negotiate volume discounts,Cost Optimization,MEDIUM,Leverage spend volume for 5-10% cost reduction,2026-04-03,Pending,13.0
Information Technology,Hardware,Network Equipment,A002,Conduct supplier audit,Risk Mitigation,MEDIUM,Annual quality and compliance audit,2026-07-02,Pending,14.6
Information Technology,Hardware,Peripherals,A001,Diversify supplier base,Supplier Concentration,HIGH,Add 2-3 alternative suppliers to reduce dependency,2026-04-03,Pending,14.1
Information Technology,Hardware,Peripherals,A002,Develop backup suppliers,Business Continuity,HIGH,Qualify backup suppliers in alternative regions,2026-07-02,Pending,13.2
Information Technology,Hardware,Peripherals,A003,Negotiate volume discounts,Cost Optimization,MEDIUM,Leverage spend volume for 5-10% cost reduction,2026-09-30,Pending,5.0
Information Technology,Hardware,Peripherals,A004,Conduct supplier audit,Risk Mitigation,MEDIUM,Annual quality and compliance audit,2026-12-29,Pending,8.8
Information Technology,Hardware,Servers,A001,Expand regional sourcing,Regional Concentration,CRITICAL,Identify suppliers in APAC to reduce geographic risk,2026-04-03,Pending,5.6
Information Technology,Hardware,Servers,A002,Negotiate volume discounts,Cost Optimization,MEDIUM,Leverage spend volume for 5-10% cost reduction,2026-07-02,Pending,7.8
Information Technology,Hardware,Servers,A003,Conduct supplier audit,Risk Mitigation,MEDIUM,Annual quality and compliance audit,2026-09-30,Pending,3.7
Information Technology,Hardware,Storage Systems,A001,Expand regional sourcing,Regional Concentration,CRITICAL,Identify suppliers in Middle East to reduce geographic risk,2026-04-03,Pending,7.5
Information Technology,Hardware,Storage Systems,A002,Negotiate volume discounts,Cost Optimization,MEDIUM,Leverage spend volume for 5-10% cost reduction,2026-07-02,Pending,14.8
Information Technology,Hardware,Storage Systems,A003,Conduct supplier audit,Risk Mitigation,MEDIUM,Annual quality and compliance audit,2026-09-30,Pending,6.2
Information Technology,Software,Database Software,A001,Negotiate volume discounts,Cost Optimization,MEDIUM,Leverage spend volume for 5-10% cost reduction,2026-04-03,Pending,12.4
Information Technology,Software,Database Software,A002,Conduct supplier audit,Risk Mitigation,MEDIUM,Annual quality and compliance audit,2026-07-02,Pending,8.5
Information Technology,Software,Development Tools,A001,Diversify supplier base,Supplier Concentration,HIGH,Add 2-3 alternative suppliers to reduce dependency,2026-04-03,Pending,8.1
Information Technology,Software,Development Tools,A002,Develop backup suppliers,Business Continuity,HIGH,Qualify backup suppliers in alternative regions,2026-07-02,Pending,14.5
Information Technology,Software,Development Tools,A003,Negotiate volume discounts,Cost Optimization,MEDIUM,Leverage spend volume for 5-10% cost reduction,2026-09-30,Pending,14.9
Information Technology,Software,Development Tools,A004,Conduct supplier audit,Risk Mitigation,MEDIUM,Annual quality and compliance audit,2026-12-29,Pending,9.7
Information Technology,Software,Enterprise Software,A001,Negotiate volume discounts,Cost Optimization,MEDIUM,Leverage spend volume for 5-10% cost reduction,2026-04-03,Pending,11.6
Information Technology,Software,Enterprise Software,A002,Conduct supplier audit,Risk Mitigation,MEDIUM,Annual quality and compliance audit,2026-07-02,Pending,4.9
Information Technology,Software,Productivity Software,A001,Negotiate volume discounts,Cost Optimization,MEDIUM,Leverage spend volume for 5-10% cost reduction,2026-04-03,Pending,6.6
Information Technology,Software,Productivity Software,A002,Conduct supplier audit,Risk Mitigation,MEDIUM,Annual quality and compliance audit,2026-07-02,Pending,14.6
Information Technology,Telecommunications,Internet Services,A001,Expand regional sourcing,Regional Concentration,CRITICAL,Identify suppliers in Europe to reduce geographic risk,2026-04-03,Pending,10.0
Information Technology,Telecommunications,Internet Services,A002,Negotiate volume discounts,Cost Optimization,MEDIUM,Leverage spend volume for 5-10% cost reduction,2026-07-02,Pending,9.5
Information Technology,Telecommunications,Internet Services,A003,Conduct supplier audit,Risk Mitigation,MEDIUM,Annual quality and compliance audit,2026-09-30,Pending,12.0
Information Technology,Telecommunications,Mobile Services,A001,Negotiate volume discounts,Cost Optimization,MEDIUM,Leverage spend volume for 5-10% cost reduction,2026-04-03,Pending,3.7
Information Technology,Telecommunications,Mobile Services,A002,Conduct supplier audit,Risk Mitigation,MEDIUM,Annual quality and compliance audit,2026-07-02,Pending,10.0
Logistics & Transportation,Fleet Services,Fleet Maintenance,A001,Negotiate volume discounts,Cost Optimization,MEDIUM,Leverage spend volume for 5-10% cost reduction,2026-04-03,Pending,9.0
Logistics & Transportation,Fleet Services,Fleet Maintenance,A002,Conduct supplier audit,Risk Mitigation,MEDIUM,Annual quality and compliance audit,2026-07-02,Pending,13.2
Logistics & Transportation,Fleet Services,Fleet Telematics,A001,Negotiate volume discounts,Cost Optimization,MEDIUM,Leverage spend volume for 5-10% cost reduction,2026-04-03,Pending,4.9
Logistics & Transportation,Fleet Services,Fleet Telematics,A002,Conduct supplier audit,Risk Mitigation,MEDIUM,Annual quality and compliance audit,2026-07-02,Pending,14.5
Logistics & Transportation,Fleet Services,Fleet Vehicles,A001,Negotiate volume discounts,Cost Optimization,MEDIUM,Leverage spend volume for 5-10% cost reduction,2026-04-03,Pending,4.0
Logistics & Transportation,Fleet Services,Fleet Vehicles,A002,Conduct supplier audit,Risk Mitigation,MEDIUM,Annual quality and compliance audit,2026-07-02,Pending,5.2
Logistics & Transportation,Freight Services,Air Freight,A001,Expand regional sourcing,Regional Concentration,CRITICAL,Identify suppliers in APAC to reduce geographic risk,2026-04-03,Pending,10.1
Logistics & Transportation,Freight Services,Air Freight,A002,Negotiate volume discounts,Cost Optimization,MEDIUM,Leverage spend volume for 5-10% cost reduction,2026-07-02,Pending,11.1
Logistics & Transportation,Freight Services,Air Freight,A003,Conduct supplier audit,Risk Mitigation,MEDIUM,Annual quality and compliance audit,2026-09-30,Pending,5.8
Logistics & Transportation,Freight Services,Ocean Freight,A001,Expand regional sourcing,Regional Concentration,CRITICAL,Identify suppliers in Americas to reduce geographic risk,2026-04-03,Pending,4.4
Logistics & Transportation,Freight Services,Ocean Freight,A002,Negotiate volume discounts,Cost Optimization,MEDIUM,Leverage spend volume for 5-10% cost reduction,2026-07-02,Pending,13.7
Logistics & Transportation,Freight Services,Ocean Freight,A003,Conduct supplier audit,Risk Mitigation,MEDIUM,Annual quality and compliance audit,2026-09-30,Pending,6.0
Logistics & Transportation,Freight Services,Rail Freight,A001,Expand regional sourcing,Regional Concentration,CRITICAL,Identify suppliers in Middle East to reduce geographic risk,2026-04-03,Pending,10.1
Logistics & Transportation,Freight Services,Rail Freight,A002,Negotiate volume discounts,Cost Optimization,MEDIUM,Leverage spend volume for 5-10% cost reduction,2026-07-02,Pending,10.4
Logistics & Transportation,Freight Services,Rail Freight,A003,Conduct supplier audit,Risk Mitigation,MEDIUM,Annual quality and compliance audit,2026-09-30,Pending,8.0
Logistics & Transportation,Freight Services,Road Freight,A001,Expand regional sourcing,Regional Concentration,CRITICAL,Identify suppliers in APAC to reduce geographic risk,2026-04-03,Pending,10.0
Logistics & Transportation,Freight Services,Road Freight,A002,Negotiate volume discounts,Cost Optimization,MEDIUM,Leverage spend volume for 5-10% cost reduction,2026-07-02,Pending,9.3
Logistics & Transportation,Freight Services,Road Freight,A003,Conduct supplier audit,Risk Mitigation,MEDIUM,Annual quality and compliance audit,2026-09-30,Pending,14.2
Logistics & Transportation,Warehousing,3PL Services,A001,Expand regional sourcing,Regional Concentration,CRITICAL,Identify suppliers in Africa to reduce geographic risk,2026-04-03,Pending,5.5
Logistics & Transportation,Warehousing,3PL Services,A002,Negotiate volume discounts,Cost Optimization,MEDIUM,Leverage spend volume for 5-10% cost reduction,2026-07-02,Pending,11.6
Logistics & Transportation,Warehousing,3PL Services,A003,Conduct supplier audit,Risk Mitigation,MEDIUM,Annual quality and compliance audit,2026-09-30,Pending,5.9
Logistics & Transportation,Warehousing,Cold Storage,A001,Negotiate volume discounts,Cost Optimization,MEDIUM,Leverage spend volume for 5-10% cost reduction,2026-04-03,Pending,7.7
Logistics & Transportation,Warehousing,Cold Storage,A002,Conduct supplier audit,Risk Mitigation,MEDIUM,Annual quality and compliance audit,2026-07-02,Pending,11.1
Logistics & Transportation,Warehousing,Distribution Centers,A001,Negotiate volume discounts,Cost Optimization,MEDIUM,Leverage spend volume for 5-10% cost reduction,2026-04-03,Pending,6.6
Logistics & Transportation,Warehousing,Distribution Centers,A002,Conduct supplier audit,Risk Mitigation,MEDIUM,Annual quality and compliance audit,2026-07-02,Pending,6.8
Manufacturing & Industrial,Chemicals,Adhesives & Sealants,A001,Negotiate volume discounts,Cost Optimization,MEDIUM,Leverage spend volume for 5-10% cost reduction,2026-04-03,Pending,12.0
Manufacturing & Industrial,Chemicals,Adhesives & Sealants,A002,Conduct supplier audit,Risk Mitigation,MEDIUM,Annual quality and compliance audit,2026-07-02,Pending,3.9
Manufacturing & Industrial,Chemicals,Industrial Chemicals,A001,Negotiate volume discounts,Cost Optimization,MEDIUM,Leverage spend volume for 5-10% cost reduction,2026-04-03,Pending,8.5
Manufacturing & Industrial,Chemicals,Industrial Chemicals,A002,Conduct supplier audit,Risk Mitigation,MEDIUM,Annual quality and compliance audit,2026-07-02,Pending,15.0
Manufacturing & Industrial,Chemicals,Petrochemicals,A001,Negotiate volume discounts,Cost Optimization,MEDIUM,Leverage spend volume for 5-10% cost reduction,2026-04-03,Pending,15.0
Manufacturing & Industrial,Chemicals,Petrochemicals,A002,Conduct supplier audit,Risk Mitigation,MEDIUM,Annual quality and compliance audit,2026-07-02,Pending,3.9
Manufacturing & Industrial,Chemicals,Specialty Chemicals,A001,Negotiate volume discounts,Cost Optimization,MEDIUM,Leverage spend volume for 5-10% cost reduction,2026-04-03,Pending,5.6
Manufacturing & Industrial,Chemicals,Specialty Chemicals,A002,Conduct supplier audit,Risk Mitigation,MEDIUM,Annual quality and compliance audit,2026-07-02,Pending,6.2
Manufacturing & Industrial,Equipment & Machinery,Industrial Machinery,A001,Expand regional sourcing,Regional Concentration,CRITICAL,Identify suppliers in Middle East to reduce geographic risk,2026-04-03,Pending,14.2
Manufacturing & Industrial,Equipment & Machinery,Industrial Machinery,A002,Negotiate volume discounts,Cost Optimization,MEDIUM,Leverage spend volume for 5-10% cost reduction,2026-07-02,Pending,13.6
Manufacturing & Industrial,Equipment & Machinery,Industrial Machinery,A003,Conduct supplier audit,Risk Mitigation,MEDIUM,Annual quality and compliance audit,2026-09-30,Pending,13.6
Manufacturing & Industrial,Equipment & Machinery,Manufacturing Equipment,A001,Expand regional sourcing,Regional Concentration,CRITICAL,Identify suppliers in APAC to reduce geographic risk,2026-04-03,Pending,7.4
Manufacturing & Industrial,Equipment & Machinery,Manufacturing Equipment,A002,Negotiate volume discounts,Cost Optimization,MEDIUM,Leverage spend volume for 5-10% cost reduction,2026-07-02,Pending,4.9
Manufacturing & Industrial,Equipment & Machinery,Manufacturing Equipment,A003,Conduct supplier audit,Risk Mitigation,MEDIUM,Annual quality and compliance audit,2026-09-30,Pending,13.0
Manufacturing & Industrial,Equipment & Machinery,Material Handling,A001,Diversify supplier base,Supplier Concentration,HIGH,Add 2-3 alternative suppliers to reduce dependency,2026-04-03,Pending,11.4
Manufacturing & Industrial,Equipment & Machinery,Material Handling,A002,Develop backup suppliers,Business Continuity,HIGH,Qualify backup suppliers in alternative regions,2026-07-02,Pending,10.3
Manufacturing & Industrial,Equipment & Machinery,Material Handling,A003,Expand regional sourcing,Regional Concentration,CRITICAL,Identify suppliers in alternative region to reduce geographic risk,2026-09-30,Pending,14.8
Manufacturing & Industrial,Equipment & Machinery,Material Handling,A004,Negotiate volume discounts,Cost Optimization,MEDIUM,Leverage spend volume for 5-10% cost reduction,2026-12-29,Pending,10.8
Manufacturing & Industrial,Equipment & Machinery,Robotics & Automation,A001,Negotiate volume discounts,Cost Optimization,MEDIUM,Leverage spend volume for 5-10% cost reduction,2026-04-03,Pending,3.1
Manufacturing & Industrial,Equipment & Machinery,Robotics & Automation,A002,Conduct supplier audit,Risk Mitigation,MEDIUM,Annual quality and compliance audit,2026-07-02,Pending,12.8
Manufacturing & Industrial,MRO Supplies,Industrial Tools,A001,Negotiate volume discounts,Cost Optimization,MEDIUM,Leverage spend volume for 5-10% cost reduction,2026-04-03,Pending,6.6
Manufacturing & Industrial,MRO Supplies,Industrial Tools,A002,Conduct supplier audit,Risk Mitigation,MEDIUM,Annual quality and compliance audit,2026-07-02,Pending,11.0
Manufacturing & Industrial,MRO Supplies,Lubricants & Fluids,A001,Negotiate volume discounts,Cost Optimization,MEDIUM,Leverage spend volume for 5-10% cost reduction,2026-04-03,Pending,14.3
Manufacturing & Industrial,MRO Supplies,Lubricants & Fluids,A002,Conduct supplier audit,Risk Mitigation,MEDIUM,Annual quality and compliance audit,2026-07-02,Pending,4.6
Manufacturing & Industrial,MRO Supplies,Safety Equipment,A001,Negotiate volume discounts,Cost Optimization,MEDIUM,Leverage spend volume for 5-10% cost reduction,2026-04-03,Pending,4.4
Manufacturing & Industrial,MRO Supplies,Safety Equipment,A002,Conduct supplier audit,Risk Mitigation,MEDIUM,Annual quality and compliance audit,2026-07-02,Pending,4.3
Manufacturing & Industrial,MRO Supplies,Spare Parts,A001,Negotiate volume discounts,Cost Optimization,MEDIUM,Leverage spend volume for 5-10% cost reduction,2026-04-03,Pending,9.6
Manufacturing & Industrial,MRO Supplies,Spare Parts,A002,Conduct supplier audit,Risk Mitigation,MEDIUM,Annual quality and compliance audit,2026-07-02,Pending,6.3
Manufacturing & Industrial,Raw Materials - Metals,Aluminum,A001,Negotiate volume discounts,Cost Optimization,MEDIUM,Leverage spend volume for 5-10% cost reduction,2026-04-03,Pending,10.3
Manufacturing & Industrial,Raw Materials - Metals,Aluminum,A002,Conduct supplier audit,Risk Mitigation,MEDIUM,Annual quality and compliance audit,2026-07-02,Pending,11.6
Manufacturing & Industrial,Raw Materials - Metals,Copper,A001,Expand regional sourcing,Regional Concentration,CRITICAL,Identify suppliers in Europe to reduce geographic risk,2026-04-03,Pending,5.4
Manufacturing & Industrial,Raw Materials - Metals,Copper,A002,Negotiate volume discounts,Cost Optimization,MEDIUM,Leverage spend volume for 5-10% cost reduction,2026-07-02,Pending,10.6
Manufacturing & Industrial,Raw Materials - Metals,Copper,A003,Conduct supplier audit,Risk Mitigation,MEDIUM,Annual quality and compliance audit,2026-09-30,Pending,6.2
Manufacturing & Industrial,Raw Materials - Metals,Nickel,A001,Negotiate volume discounts,Cost Optimization,MEDIUM,Leverage spend volume for 5-10% cost reduction,2026-04-03,Pending,8.9
Manufacturing & Industrial,Raw Materials - Metals,Nickel,A002,Conduct supplier audit,Risk Mitigation,MEDIUM,Annual quality and compliance audit,2026-07-02,Pending,13.9
Manufacturing & Industrial,Raw Materials - Metals,Steel,A001,Negotiate volume discounts,Cost Optimization,MEDIUM,Leverage spend volume for 5-10% cost reduction,2026-04-03,Pending,13.2
Manufacturing & Industrial,Raw Materials - Metals,Steel,A002,Conduct supplier audit,Risk Mitigation,MEDIUM,Annual quality and compliance audit,2026-07-02,Pending,4.1
Manufacturing & Industrial,Raw Materials - Metals,Zinc,A001,Negotiate volume discounts,Cost Optimization,MEDIUM,Leverage spend volume for 5-10% cost reduction,2026-04-03,Pending,8.1
Manufacturing & Industrial,Raw Materials - Metals,Zinc,A002,Conduct supplier audit,Risk Mitigation,MEDIUM,Annual quality and compliance audit,2026-07-02,Pending,6.3
Manufacturing & Industrial,Raw Materials - Plastics,Engineering Plastics,A001,Expand regional sourcing,Regional Concentration,CRITICAL,Identify suppliers in Europe to reduce geographic risk,2026-04-03,Pending,3.0
Manufacturing & Industrial,Raw Materials - Plastics,Engineering Plastics,A002,Negotiate volume discounts,Cost Optimization,MEDIUM,Leverage spend volume for 5-10% cost reduction,2026-07-02,Pending,12.3
Manufacturing & Industrial,Raw Materials - Plastics,Engineering Plastics,A003,Conduct supplier audit,Risk Mitigation,MEDIUM,Annual quality and compliance audit,2026-09-30,Pending,10.6
Manufacturing & Industrial,Raw Materials - Plastics,PVC,A001,Negotiate volume discounts,Cost Optimization,MEDIUM,Leverage spend volume for 5-10% cost reduction,2026-04-03,Pending,6.1
Manufacturing & Industrial,Raw Materials - Plastics,PVC,A002,Conduct supplier audit,Risk Mitigation,MEDIUM,Annual quality and compliance audit,2026-07-02,Pending,11.9
Manufacturing & Industrial,Raw Materials - Plastics,Polyethylene,A001,Negotiate volume discounts,Cost Optimization,MEDIUM,Leverage spend volume for 5-10% cost reduction,2026-04-03,Pending,9.6
Manufacturing & Industrial,Raw Materials - Plastics,Polyethylene,A002,Conduct supplier audit,Risk Mitigation,MEDIUM,Annual quality and compliance audit,2026-07-02,Pending,8.1
Manufacturing & Industrial,Raw Materials - Plastics,Polypropylene,A001,Negotiate volume discounts,Cost Optimization,MEDIUM,Leverage spend volume for 5-10% cost reduction,2026-04-03,Pending,3.1
Manufacturing & Industrial,Raw Materials - Plastics,Polypropylene,A002,Conduct supplier audit,Risk Mitigation,MEDIUM,Annual quality and compliance audit,2026-07-02,Pending,3.9
Professional Services,Consulting,HR Consulting,A001,Expand regional sourcing,Regional Concentration,CRITICAL,Identify suppliers in Europe to reduce geographic risk,2026-04-03,Pending,13.6
Professional Services,Consulting,HR Consulting,A002,Negotiate volume discounts,Cost Optimization,MEDIUM,Leverage spend volume for 5-10% cost reduction,2026-07-02,Pending,13.8
Professional Services,Consulting,HR Consulting,A003,Conduct supplier audit,Risk Mitigation,MEDIUM,Annual quality and compliance audit,2026-09-30,Pending,9.5
Professional Services,Consulting,IT Consulting,A001,Negotiate volume discounts,Cost Optimization,MEDIUM,Leverage spend volume for 5-10% cost reduction,2026-04-03,Pending,13.0
Professional Services,Consulting,IT Consulting,A002,Conduct supplier audit,Risk Mitigation,MEDIUM,Annual quality and compliance audit,2026-07-02,Pending,10.0
Professional Services,Consulting,Management Consulting,A001,Expand regional sourcing,Regional Concentration,CRITICAL,Identify suppliers in Europe to reduce geographic risk,2026-04-03,Pending,4.8
Professional Services,Consulting,Management Consulting,A002,Negotiate volume discounts,Cost Optimization,MEDIUM,Leverage spend volume for 5-10% cost reduction,2026-07-02,Pending,4.5
Professional Services,Consulting,Management Consulting,A003,Conduct supplier audit,Risk Mitigation,MEDIUM,Annual quality and compliance audit,2026-09-30,Pending,6.7
Professional Services,Financial Services,Accounting,A001,Negotiate volume discounts,Cost Optimization,MEDIUM,Leverage spend volume for 5-10% cost reduction,2026-04-03,Pending,13.8
Professional Services,Financial Services,Accounting,A002,Conduct supplier audit,Risk Mitigation,MEDIUM,Annual quality and compliance audit,2026-07-02,Pending,12.6
Professional Services,Financial Services,Banking,A001,Negotiate volume discounts,Cost Optimization,MEDIUM,Leverage spend volume for 5-10% cost reduction,2026-04-03,Pending,13.3
Professional Services,Financial Services,Banking,A002,Conduct supplier audit,Risk Mitigation,MEDIUM,Annual quality and compliance audit,2026-07-02,Pending,13.8
Professional Services,Financial Services,Insurance,A001,Negotiate volume discounts,Cost Optimization,MEDIUM,Leverage spend volume for 5-10% cost reduction,2026-04-03,Pending,5.5
Professional Services,Financial Services,Insurance,A002,Conduct supplier audit,Risk Mitigation,MEDIUM,Annual quality and compliance audit,2026-07-02,Pending,6.0
Professional Services,Legal Services,Corporate Law,A001,Negotiate volume discounts,Cost Optimization,MEDIUM,Leverage spend volume for 5-10% cost reduction,2026-04-03,Pending,4.2
Professional Services,Legal Services,Corporate Law,A002,Conduct supplier audit,Risk Mitigation,MEDIUM,Annual quality and compliance audit,2026-07-02,Pending,12.4
Professional Services,Legal Services,Employment Law,A001,Negotiate volume discounts,Cost Optimization,MEDIUM,Leverage spend volume for 5-10% cost reduction,2026-04-03,Pending,13.6
Professional Services,Legal Services,Employment Law,A002,Conduct supplier audit,Risk Mitigation,MEDIUM,Annual quality and compliance audit,2026-07-02,Pending,7.9
Professional Services,Legal Services,Intellectual Property,A001,Negotiate volume discounts,Cost Optimization,MEDIUM,Leverage spend volume for 5-10% cost reduction,2026-04-03,Pending,10.4
Professional Services,Legal Services,Intellectual Property,A002,Conduct supplier audit,Risk Mitigation,MEDIUM,Annual quality and compliance audit,2026-07-02,Pending,4.9
Professional Services,Marketing Services,Advertising,A001,Negotiate volume discounts,Cost Optimization,MEDIUM,Leverage spend volume for 5-10% cost reduction,2026-04-03,Pending,14.2
Professional Services,Marketing Services,Advertising,A002,Conduct supplier audit,Risk Mitigation,MEDIUM,Annual quality and compliance audit,2026-07-02,Pending,13.4
Professional Services,Marketing Services,Digital Marketing,A001,Expand regional sourcing,Regional Concentration,CRITICAL,Identify suppliers in Africa to reduce geographic risk,2026-04-03,Pending,14.7
Professional Services,Marketing Services,Digital Marketing,A002,Negotiate volume discounts,Cost Optimization,MEDIUM,Leverage spend volume for 5-10% cost reduction,2026-07-02,Pending,12.7
Professional Services,Marketing Services,Digital Marketing,A003,Conduct supplier audit,Risk Mitigation,MEDIUM,Annual quality and compliance audit,2026-09-30,Pending,13.6
Professional Services,Marketing Services,Market Research,A001,Expand regional sourcing,Regional Concentration,CRITICAL,Identify suppliers in Middle East to reduce geographic risk,2026-04-03,Pending,3.3
Professional Services,Marketing Services,Market Research,A002,Negotiate volume discounts,Cost Optimization,MEDIUM,Leverage spend volume for 5-10% cost reduction,2026-07-02,Pending,11.8
Professional Services,Marketing Services,Market Research,A003,Conduct supplier audit,Risk Mitigation,MEDIUM,Annual quality and compliance audit,2026-09-30,Pending,7.0
Professional Services,Marketing Services,PR & Communications,A001,Expand regional sourcing,Regional Concentration,CRITICAL,Identify suppliers in Europe to reduce geographic risk,2026-04-03,Pending,14.2
Professional Services,Marketing Services,PR & Communications,A002,Negotiate volume discounts,Cost Optimization,MEDIUM,Leverage spend volume for 5-10% cost reduction,2026-07-02,Pending,12.6
Professional Services,Marketing Services,PR & Communications,A003,Conduct supplier audit,Risk Mitigation,MEDIUM,Annual quality and compliance audit,2026-09-30,Pending,13.4
